{
	"credit": "Made with Blockbench",
	"parent": "minecraft:block/carved_pumpkin",
	"texture_size": [128, 128],
	"textures": {
		"0": "item/top_hat",
		"particle": "item/top_hat"
	},
	"elements": [
		{
			"from": [-2, 13, -2],
			"to": [18, 17, 18],
			"faces": {
				"north": {"uv": [0, 5, 2.5, 5.5], "texture": "#0"},
				"east": {"uv": [0, 5.5, 2.5, 6], "texture": "#0"},
				"south": {"uv": [0, 6, 2.5, 6.5], "texture": "#0"},
				"west": {"uv": [6, 0, 8.5, 0.5], "texture": "#0"},
				"up": {"uv": [2.5, 2.5, 0, 0], "texture": "#0"},
				"down": {"uv": [2.5, 2.5, 0, 5], "texture": "#0"}
			}
		},
		{
			"from": [1, 13, 1],
			"to": [15, 32, 15],
			"faces": {
				"north": {"uv": [2.5, 0, 4.25, 2.375], "texture": "#0"},
				"east": {"uv": [2.5, 2.375, 4.25, 4.75], "texture": "#0"},
				"south": {"uv": [4.25, 0, 6, 2.375], "texture": "#0"},
				"west": {"uv": [4.25, 2.375, 6, 4.75], "texture": "#0"},
				"up": {"uv": [4.25, 6.5, 2.5, 4.75], "texture": "#0"},
				"down": {"uv": [6, 4.75, 4.25, 6.5], "texture": "#0"}
			}
		}
	]
}